{"accuracy": [0.6299737095832825, 0.863418459892273, 0.9172202944755554, 0.9427412748336792, 0.9566398859024048, 0.964762806892395, 0.9723877906799316, 0.9767835736274719, 0.9800127744674683, 0.9831709265708923], "loss": [1.2407954931259155, 0.42569103837013245, 0.2547817528247833, 0.17422859370708466, 0.12986406683921814, 0.10447150468826294, 0.0816291868686676, 0.06961482763290405, 0.061819568276405334, 0.05425957217812538], "val_accuracy": [0.8359890580177307, 0.9148076772689819, 0.9226041436195374, 0.9453676342964172, 0.9481561779975891, 0.9510015845298767, 0.950717031955719, 0.9618711471557617, 0.9665945768356323, 0.9614158868789673], "val_loss": [0.5107680559158325, 0.26659685373306274, 0.23969410359859467, 0.16782580316066742, 0.16865316033363342, 0.1697268933057785, 0.16108016669750214, 0.13219821453094482, 0.11047011613845825, 0.1363341361284256]}